1, automobile
2, airplane
3, dog
4, dog
5, deer
6, deer
7, frog
8, truck
9, cat
10, truck
11, frog
12, horse
13, airplane
14, truck
15, bird
16, ship
17, frog
18, bird
19, airplane
20, horse
21, dog
22, bird
23, ship
24, bird
25, deer
26, horse
27, ship
28, horse
29, truck
30, automobile
31, bird
32, deer
33, deer
34, cat
35, deer
36, ship
37, automobile
38, cat
39, frog
40, horse
41, bird
42, deer
43, frog
44, truck
45, cat
46, truck
47, ship
48, bird
49, frog
50, bird
51, bird
52, frog
53, truck
54, horse
55, bird
56, automobile
57, dog
58, dog
59, bird
60, dog
61, dog
62, truck
63, airplane
64, bird
65, automobile
66, frog
67, dog
68, automobile
69, horse
70, frog
71, horse
72, cat
73, cat
74, horse
75, bird
76, dog
77, bird
78, truck
79, bird
80, frog
81, cat
82, deer
83, horse
84, automobile
85, ship
86, truck
87, cat
88, cat
89, ship
90, frog
91, cat
92, airplane
93, cat
94, frog
95, deer
96, cat
97, cat
98, airplane
99, automobile
100, ship
101, airplane
102, cat
103, truck
104, truck
105, airplane
106, horse
107, bird
108, automobile
109, horse
110, bird
111, airplane
112, airplane
113, horse
114, dog
115, ship
116, horse
117, automobile
118, bird
119, airplane
120, dog
121, dog
122, automobile
123, automobile
124, airplane
125, ship
126, deer
127, dog
128, cat
129, cat
130, cat
131, automobile
132, cat
133, frog
134, cat
135, deer
136, airplane
137, bird
138, deer
139, dog
140, airplane
141, airplane
142, airplane
143, cat
144, automobile
145, truck
146, truck
147, deer
148, cat
149, ship
150, automobile
151, dog
152, dog
153, ship
154, automobile
155, airplane
156, bird
157, truck
158, ship
159, dog
160, bird
161, bird
162, truck
163, truck
164, truck
165, airplane
166, airplane
167, dog
168, truck
169, dog
170, ship
171, frog
172, deer
173, horse
174, automobile
175, horse
176, bird
177, truck
178, horse
179, bird
180, deer
181, deer
182, truck
183, horse
184, truck
185, ship
186, airplane
187, bird
188, dog
189, deer
190, cat
191, dog
192, airplane
193, cat
194, deer
195, ship
196, airplane
197, deer
198, automobile
199, cat
200, deer
201, dog
202, horse
203, ship
204, ship
205, cat
206, bird
207, horse
208, truck
209, automobile
210, airplane
211, horse
212, cat
213, bird
214, airplane
215, airplane
216, ship
217, horse
218, deer
219, dog
220, truck
221, bird
222, dog
223, deer
224, airplane
225, ship
226, frog
227, horse
228, automobile
229, ship
230, frog
231, bird
232, cat
233, ship
234, horse
235, cat
236, truck
237, cat
238, dog
239, horse
240, horse
241, frog
242, automobile
243, bird
244, ship
245, bird
246, bird
247, bird
248, dog
249, truck
250, ship
251, airplane
252, bird
253, dog
254, airplane
255, cat
256, dog
257, airplane
258, frog
259, horse
260, dog
261, truck
262, deer
263, horse
264, ship
265, dog
266, deer
267, truck
268, frog
269, truck
270, deer
271, truck
272, ship
273, airplane
274, cat
275, dog
276, horse
277, deer
278, airplane
279, airplane
280, deer
281, deer
282, airplane
283, horse
284, deer
285, frog
286, horse
287, bird
288, cat
289, ship
290, horse
291, deer
292, airplane
293, ship
294, automobile
295, cat
296, frog
297, airplane
298, truck
299, ship
300, bird
301, frog
302, truck
303, airplane
304, airplane
305, frog
306, horse
307, cat
308, airplane
309, cat
310, airplane
311, bird
312, airplane
313, frog
314, deer
315, automobile
316, horse
317, automobile
318, truck
319, cat
320, truck
321, airplane
322, ship
323, cat
324, airplane
325, automobile
326, airplane
327, frog
328, dog
329, truck
330, horse
331, dog
332, horse
333, deer
334, ship
335, truck
336, automobile
337, airplane
338, ship
339, dog
340, cat
341, cat
342, automobile
343, automobile
344, cat
345, dog
346, ship
347, horse
348, deer
349, frog
350, automobile
351, cat
352, cat
353, airplane
354, truck
355, horse
356, automobile
357, dog
358, truck
359, ship
360, cat
361, bird
362, automobile
363, airplane
364, airplane
365, dog
366, ship
367, frog
368, dog
369, automobile
370, airplane
371, airplane
372, cat
373, cat
374, airplane
375, horse
376, ship
377, cat
378, bird
379, deer
380, frog
381, dog
382, dog
383, frog
384, automobile
385, cat
386, dog
387, truck
388, horse
389, horse
390, frog
391, deer
392, frog
393, automobile
394, horse
395, frog
396, automobile
397, airplane
398, cat
399, horse
400, deer
401, airplane
402, horse
403, automobile
404, ship
405, automobile
406, truck
407, horse
408, truck
409, horse
410, automobile
411, frog
412, bird
413, dog
414, truck
415, horse
416, automobile
417, airplane
418, automobile
419, ship
420, cat
421, cat
422, cat
423, frog
424, dog
425, cat
426, airplane
427, cat
428, horse
429, deer
430, truck
431, cat
432, cat
433, dog
434, cat
435, airplane
436, automobile
437, frog
438, airplane
439, horse
440, airplane
441, dog
442, horse
443, airplane
444, horse
445, frog
446, truck
447, automobile
448, cat
449, cat
450, automobile
451, dog
452, bird
453, airplane
454, ship
455, bird
456, truck
457, truck
458, dog
459, deer
460, frog
461, automobile
462, frog
463, deer
464, cat
465, ship
466, bird
467, cat
468, dog
469, ship
470, truck
471, cat
472, bird
473, deer
474, dog
475, ship
476, cat
477, cat
478, bird
479, cat
480, frog
481, airplane
482, airplane
483, truck
484, horse
485, cat
486, deer
487, automobile
488, automobile
489, dog
490, deer
491, horse
492, airplane
493, horse
494, horse
495, bird
496, horse
497, dog
498, ship
499, airplane
500, ship
501, frog
502, bird
503, airplane
504, cat
505, dog
506, frog
507, frog
508, deer
509, automobile
510, ship
511, ship
512, automobile
513, automobile
514, deer
515, deer
516, dog
517, automobile
518, bird
519, cat
520, ship
521, ship
522, cat
523, horse
524, cat
525, deer
526, ship
527, bird
528, truck
529, bird
530, deer
531, bird
532, bird
533, ship
534, frog
535, horse
536, bird
537, truck
538, cat
539, dog
540, frog
541, horse
542, cat
543, ship
544, bird
545, bird
546, deer
547, bird
548, deer
549, deer
550, dog
551, dog
552, cat
553, cat
554, ship
555, automobile
556, bird
557, dog
558, bird
559, airplane
560, dog
561, ship
562, bird
563, automobile
564, dog
565, dog
566, truck
567, deer
568, airplane
569, cat
570, bird
571, truck
572, cat
573, dog
574, ship
575, dog
576, automobile
577, cat
578, horse
579, dog
580, dog
581, cat
582, bird
583, truck
584, horse
585, frog
586, automobile
587, horse
588, dog
589, ship
590, deer
591, ship
592, airplane
593, frog
594, dog
595, ship
596, automobile
597, deer
598, airplane
599, cat
600, frog
601, frog
602, frog
603, cat
604, deer
605, dog
606, horse
607, automobile
608, dog
609, deer
610, cat
611, ship
612, horse
613, ship
614, horse
615, airplane
616, dog
617, airplane
618, airplane
619, bird
620, airplane
621, truck
622, automobile
623, automobile
624, truck
625, horse
626, dog
627, cat
628, cat
629, frog
630, automobile
631, airplane
632, dog
633, dog
634, dog
635, ship
636, bird
637, truck
638, truck
639, cat
640, truck
641, bird
642, bird
643, frog
644, automobile
645, dog
646, dog
647, deer
648, horse
649, automobile
650, automobile
651, airplane
652, cat
653, horse
654, truck
655, truck
656, frog
657, truck
658, airplane
659, deer
660, cat
661, bird
662, horse
663, airplane
664, cat
665, automobile
666, dog
667, deer
668, deer
669, truck
670, dog
671, cat
672, dog
673, horse
674, cat
675, truck
676, deer
677, bird
678, airplane
679, automobile
680, horse
681, ship
682, frog
683, airplane
684, airplane
685, dog
686, airplane
687, frog
688, truck
689, automobile
690, dog
691, deer
692, bird
693, deer
694, ship
695, airplane
696, dog
697, deer
698, bird
699, frog
700, ship
701, airplane
702, deer
703, ship
704, cat
705, cat
706, dog
707, horse
708, deer
709, dog
710, ship
711, deer
712, deer
713, dog
714, ship
715, truck
716, dog
717, deer
718, airplane
719, frog
720, ship
721, horse
722, horse
723, truck
724, truck
725, cat
726, automobile
727, dog
728, bird
729, truck
730, truck
731, airplane
732, bird
733, ship
734, frog
735, dog
736, bird
737, ship
738, horse
739, horse
740, dog
741, truck
742, airplane
743, cat
744, bird
745, truck
746, airplane
747, frog
748, truck
749, dog
750, dog
751, cat
752, automobile
753, truck
754, automobile
755, deer
756, airplane
757, cat
758, horse
759, truck
760, frog
761, automobile
762, dog
763, horse
764, dog
765, deer
766, ship
767, truck
768, ship
769, frog
770, frog
771, airplane
772, horse
773, dog
774, bird
775, airplane
776, automobile
777, frog
778, dog
779, frog
780, truck
781, dog
782, horse
783, airplane
784, cat
785, deer
786, bird
787, truck
788, ship
789, deer
790, airplane
791, airplane
792, truck
793, ship
794, bird
795, dog
796, cat
797, automobile
798, cat
799, airplane
800, truck
801, automobile
802, horse
803, bird
804, frog
805, truck
806, frog
807, airplane
808, bird
809, ship
810, cat
811, bird
812, airplane
813, bird
814, deer
815, cat
816, cat
817, frog
818, truck
819, cat
820, cat
821, cat
822, horse
823, airplane
824, ship
825, automobile
826, bird
827, automobile
828, cat
829, airplane
830, horse
831, automobile
832, horse
833, truck
834, horse
835, automobile
836, cat
837, airplane
838, bird
839, frog
840, airplane
841, cat
842, dog
843, automobile
844, bird
845, ship
846, frog
847, dog
848, dog
849, horse
850, ship
851, dog
852, frog
853, deer
854, deer
855, truck
856, dog
857, truck
858, cat
859, frog
860, cat
861, airplane
862, bird
863, ship
864, bird
865, truck
866, ship
867, automobile
868, cat
869, bird
870, airplane
871, horse
872, dog
873, truck
874, dog
875, horse
876, deer
877, ship
878, frog
879, frog
880, bird
881, bird
882, automobile
883, frog
884, frog
885, cat
886, automobile
887, truck
888, dog
889, truck
890, automobile
891, frog
892, truck
893, truck
894, horse
895, ship
896, frog
897, ship
898, truck
899, airplane
900, dog
901, truck
902, truck
903, ship
904, ship
905, dog
906, frog
907, bird
908, deer
909, automobile
910, cat
911, horse
912, bird
913, ship
914, ship
915, airplane
916, horse
917, bird
918, cat
919, automobile
920, truck
921, airplane
922, bird
923, deer
924, dog
925, bird
926, ship
927, horse
928, airplane
929, horse
930, truck
931, deer
932, deer
933, ship
934, deer
935, truck
936, airplane
937, automobile
938, frog
939, bird
940, truck
941, ship
942, bird
943, ship
944, deer
945, frog
946, automobile
947, ship
948, airplane
949, deer
950, automobile
951, ship
952, dog
953, horse
954, truck
955, airplane
956, ship
957, airplane
958, horse
959, ship
960, ship
961, automobile
962, deer
963, cat
964, frog
965, truck
966, cat
967, bird
968, deer
969, cat
970, ship
971, airplane
972, truck
973, cat
974, airplane
975, deer
976, frog
977, deer
978, horse
979, horse
980, deer
981, truck
982, airplane
983, bird
984, cat
985, dog
986, dog
987, automobile
988, dog
989, deer
990, dog
991, deer
992, cat
993, cat
994, ship
995, bird
996, dog
997, horse
998, horse
999, bird
1000, ship
1001, bird
1002, automobile
1003, automobile
1004, deer
1005, airplane
1006, bird
1007, automobile
1008, airplane
1009, bird
1010, frog
1011, airplane
1012, ship
1013, automobile
1014, ship
1015, dog
1016, ship
1017, bird
1018, ship
1019, bird
1020, airplane
1021, dog
1022, frog
1023, truck
1024, ship
1025, ship
1026, frog
1027, automobile
1028, bird
1029, bird
1030, bird
1031, cat
1032, airplane
1033, deer
1034, frog
1035, cat
1036, deer
1037, cat
1038, horse
1039, automobile
1040, dog
1041, ship
1042, automobile
1043, airplane
1044, truck
1045, bird
1046, airplane
1047, bird
1048, cat
1049, dog
1050, deer
1051, airplane
1052, cat
1053, dog
1054, ship
1055, horse
1056, horse
1057, airplane
1058, truck
1059, bird
1060, cat
1061, frog
1062, airplane
1063, ship
1064, automobile
1065, dog
1066, horse
1067, automobile
1068, truck
1069, cat
1070, airplane
1071, frog
1072, deer
1073, automobile
1074, truck
1075, deer
1076, horse
1077, dog
1078, bird
1079, automobile
1080, automobile
1081, deer
1082, bird
1083, horse
1084, ship
1085, airplane
1086, horse
1087, cat
1088, automobile
1089, ship
1090, ship
1091, ship
1092, truck
1093, dog
1094, cat
1095, bird
1096, cat
1097, dog
1098, horse
1099, deer
1100, airplane
1101, airplane
1102, horse
1103, ship
1104, deer
1105, airplane
1106, horse
1107, automobile
1108, automobile
1109, dog
1110, horse
1111, airplane
1112, bird
1113, cat
1114, automobile
1115, frog
1116, dog
1117, ship
1118, deer
1119, truck
1120, horse
1121, dog
1122, airplane
1123, bird
1124, dog
1125, deer
1126, dog
1127, bird
1128, ship
1129, ship
1130, truck
1131, ship
1132, bird
1133, dog
1134, airplane
1135, frog
1136, ship
1137, truck
1138, dog
1139, ship
1140, ship
1141, bird
1142, horse
1143, frog
1144, frog
1145, horse
1146, cat
1147, ship
1148, automobile
1149, dog
1150, bird
1151, cat
1152, truck
1153, horse
1154, airplane
1155, dog
1156, truck
1157, dog
1158, cat
1159, deer
1160, bird
1161, airplane
1162, dog
1163, dog
1164, frog
1165, airplane
1166, dog
1167, airplane
1168, ship
1169, cat
1170, deer
1171, frog
1172, dog
1173, airplane
1174, horse
1175, automobile
1176, airplane
1177, dog
1178, frog
1179, dog
1180, cat
1181, bird
1182, frog
1183, ship
1184, automobile
1185, cat
1186, truck
1187, ship
1188, deer
1189, ship
1190, frog
1191, frog
1192, airplane
1193, bird
1194, bird
1195, automobile
1196, cat
1197, bird
1198, airplane
1199, horse
1200, ship
1201, automobile
1202, cat
1203, cat
1204, ship
1205, horse
1206, airplane
1207, deer
1208, truck
1209, ship
1210, ship
1211, airplane
1212, ship
1213, dog
1214, airplane
1215, ship
1216, deer
1217, ship
1218, airplane
1219, automobile
1220, ship
1221, truck
1222, automobile
1223, cat
1224, automobile
1225, deer
1226, dog
1227, horse
1228, ship
1229, truck
1230, automobile
1231, deer
1232, horse
1233, ship
1234, bird
1235, dog
1236, deer
1237, automobile
1238, frog
1239, horse
1240, automobile
1241, automobile
1242, frog
1243, automobile
1244, airplane
1245, deer
1246, frog
1247, airplane
1248, airplane
1249, deer
1250, truck
1251, airplane
1252, airplane
1253, truck
1254, frog
1255, cat
1256, horse
1257, automobile
1258, cat
1259, frog
1260, deer
1261, truck
1262, bird
1263, airplane
1264, automobile
1265, frog
1266, frog
1267, automobile
1268, truck
1269, dog
1270, horse
1271, cat
1272, dog
1273, airplane
1274, cat
1275, dog
1276, ship
1277, truck
1278, automobile
1279, airplane
1280, truck
1281, ship
1282, ship
1283, deer
1284, cat
1285, dog
1286, frog
1287, automobile
1288, bird
1289, frog
1290, cat
1291, truck
1292, frog
1293, truck
1294, bird
1295, cat
1296, deer
1297, bird
1298, horse
1299, deer
1300, deer
1301, deer
1302, frog
1303, deer
1304, bird
1305, cat
1306, frog
1307, automobile
1308, ship
1309, ship
1310, horse
1311, cat
1312, ship
1313, airplane
1314, dog
1315, horse
1316, dog
1317, dog
1318, dog
1319, airplane
1320, airplane
1321, airplane
1322, frog
1323, ship
1324, cat
1325, deer
1326, automobile
1327, ship
1328, dog
1329, horse
1330, ship
1331, truck
1332, horse
1333, deer
1334, ship
1335, deer
1336, bird
1337, automobile
1338, horse
1339, deer
1340, deer
1341, cat
1342, airplane
1343, deer
1344, truck
1345, automobile
1346, automobile
1347, ship
1348, automobile
1349, truck
1350, dog
1351, airplane
1352, dog
1353, dog
1354, horse
1355, horse
1356, bird
1357, automobile
1358, dog
1359, cat
1360, bird
1361, frog
1362, cat
1363, cat
1364, deer
1365, truck
1366, automobile
1367, airplane
1368, deer
1369, automobile
1370, ship
1371, cat
1372, bird
1373, airplane
1374, cat
1375, frog
1376, deer
1377, horse
1378, horse
1379, deer
1380, frog
1381, horse
1382, cat
1383, cat
1384, dog
1385, cat
1386, cat
1387, horse
1388, dog
1389, truck
1390, frog
1391, cat
1392, airplane
1393, horse
1394, automobile
1395, airplane
1396, horse
1397, airplane
1398, cat
1399, automobile
1400, airplane
1401, ship
1402, truck
1403, horse
1404, truck
1405, horse
1406, truck
1407, bird
1408, ship
1409, airplane
1410, dog
1411, deer
1412, dog
1413, truck
1414, airplane
1415, truck
1416, ship
1417, cat
1418, airplane
1419, airplane
1420, automobile
1421, horse
1422, frog
1423, truck
1424, truck
1425, deer
1426, airplane
1427, truck
1428, airplane
1429, airplane
1430, airplane
1431, automobile
1432, airplane
1433, automobile
1434, cat
1435, truck
1436, cat
1437, automobile
1438, truck
1439, deer
1440, bird
1441, cat
1442, truck
1443, ship
1444, airplane
1445, airplane
1446, dog
1447, deer
1448, bird
1449, automobile
1450, truck
1451, deer
1452, dog
1453, automobile
1454, cat
1455, airplane
1456, horse
1457, automobile
1458, truck
1459, dog
1460, automobile
1461, cat
1462, cat
1463, ship
1464, ship
1465, deer
1466, truck
1467, deer
1468, cat
1469, automobile
1470, deer
1471, bird
1472, automobile
1473, truck
1474, horse
1475, horse
1476, truck
1477, frog
1478, truck
1479, automobile
1480, bird
1481, ship
1482, dog
1483, horse
1484, truck
1485, truck
1486, bird
1487, truck
1488, ship
1489, horse
1490, dog
1491, truck
1492, ship
1493, truck
1494, automobile
1495, deer
1496, dog
1497, dog
1498, airplane
1499, dog
1500, horse
1501, horse
1502, airplane
1503, bird
1504, frog
1505, automobile
1506, truck
1507, dog
1508, airplane
1509, bird
1510, ship
1511, bird
1512, dog
1513, dog
1514, cat
1515, cat
1516, ship
1517, frog
1518, automobile
1519, cat
1520, truck
1521, cat
1522, cat
1523, ship
1524, deer
1525, frog
1526, horse
1527, deer
1528, truck
1529, truck
1530, ship
1531, bird
1532, cat
1533, frog
1534, automobile
1535, horse
1536, bird
1537, ship
1538, airplane
1539, dog
1540, cat
1541, truck
1542, automobile
1543, frog
1544, frog
1545, horse
1546, airplane
1547, airplane
1548, dog
1549, cat
1550, automobile
1551, cat
1552, automobile
1553, horse
1554, truck
1555, truck
1556, automobile
1557, dog
1558, truck
1559, airplane
1560, deer
1561, dog
1562, bird
1563, horse
1564, cat
1565, horse
1566, deer
1567, frog
1568, horse
1569, automobile
1570, deer
1571, deer
1572, deer
1573, deer
1574, automobile
1575, cat
1576, airplane
1577, frog
1578, ship
1579, dog
1580, truck
1581, cat
1582, bird
1583, bird
1584, airplane
1585, dog
1586, frog
1587, truck
1588, frog
1589, frog
1590, bird
1591, airplane
1592, frog
1593, deer
1594, truck
1595, bird
1596, cat
1597, deer
1598, truck
1599, dog
1600, automobile
1601, bird
1602, automobile
1603, ship
1604, ship
1605, airplane
1606, horse
1607, cat
1608, horse
1609, automobile
1610, ship
1611, dog
1612, ship
1613, cat
1614, truck
1615, truck
1616, airplane
1617, automobile
1618, automobile
1619, bird
1620, airplane
1621, airplane
1622, automobile
1623, airplane
1624, automobile
1625, bird
1626, horse
1627, automobile
1628, cat
1629, horse
1630, airplane
1631, frog
1632, cat
1633, deer
1634, frog
1635, ship
1636, dog
1637, frog
1638, truck
1639, horse
1640, airplane
1641, cat
1642, airplane
1643, airplane
1644, bird
1645, ship
1646, horse
1647, cat
1648, automobile
1649, cat
1650, dog
1651, ship
1652, deer
1653, cat
1654, frog
1655, cat
1656, frog
1657, dog
1658, deer
1659, automobile
1660, cat
1661, bird
1662, truck
1663, deer
1664, bird
1665, frog
1666, dog
1667, bird
1668, truck
1669, airplane
1670, automobile
1671, automobile
1672, truck
1673, horse
1674, bird
1675, bird
1676, bird
1677, truck
1678, frog
1679, horse
1680, frog
1681, deer
1682, ship
1683, dog
1684, frog
1685, bird
1686, horse
1687, truck
1688, truck
1689, ship
1690, deer
1691, frog
1692, cat
1693, automobile
1694, cat
1695, bird
1696, automobile
1697, bird
1698, dog
1699, truck
1700, truck
1701, dog
1702, airplane
1703, dog
1704, airplane
1705, truck
1706, horse
1707, frog
1708, dog
1709, truck
1710, ship
1711, cat
1712, ship
1713, ship
1714, ship
1715, airplane
1716, airplane
1717, truck
1718, ship
1719, ship
1720, horse
1721, deer
1722, truck
1723, dog
1724, automobile
1725, ship
1726, deer
1727, horse
1728, automobile
1729, dog
1730, ship
1731, deer
1732, deer
1733, automobile
1734, horse
1735, cat
1736, cat
1737, airplane
1738, truck
1739, cat
1740, dog
1741, horse
1742, frog
1743, bird
1744, frog
1745, bird
1746, horse
1747, bird
1748, frog
1749, frog
1750, bird
1751, dog
1752, automobile
1753, truck
1754, deer
1755, bird
1756, horse
1757, horse
1758, deer
1759, frog
1760, horse
1761, truck
1762, dog
1763, automobile
1764, truck
1765, deer
1766, frog
1767, frog
1768, bird
1769, automobile
1770, bird
1771, horse
1772, dog
1773, cat
1774, automobile
1775, airplane
1776, deer
1777, airplane
1778, bird
1779, horse
1780, deer
1781, frog
1782, ship
1783, ship
1784, deer
1785, horse
1786, deer
1787, dog
1788, bird
1789, ship
1790, bird
1791, bird
1792, airplane
1793, cat
1794, cat
1795, cat
1796, automobile
1797, ship
1798, dog
1799, airplane
1800, frog
1801, truck
1802, airplane
1803, automobile
1804, cat
1805, automobile
1806, airplane
1807, truck
1808, dog
1809, cat
1810, dog
1811, truck
1812, deer
1813, bird
1814, cat
1815, deer
1816, bird
1817, cat
1818, truck
1819, truck
1820, dog
1821, deer
1822, ship
1823, automobile
1824, deer
1825, cat
1826, bird
1827, ship
1828, deer
1829, truck
1830, bird
1831, ship
1832, ship
1833, frog
1834, bird
1835, dog
1836, truck
1837, automobile
1838, horse
1839, frog
1840, cat
1841, cat
1842, cat
1843, truck
1844, horse
1845, bird
1846, automobile
1847, horse
1848, horse
1849, cat
1850, truck
1851, airplane
1852, truck
1853, horse
1854, dog
1855, ship
1856, dog
1857, bird
1858, bird
1859, automobile
1860, dog
1861, bird
1862, horse
1863, deer
1864, automobile
1865, truck
1866, automobile
1867, bird
1868, cat
1869, cat
1870, deer
1871, horse
1872, deer
1873, ship
1874, horse
1875, bird
1876, cat
1877, automobile
1878, truck
1879, horse
1880, ship
1881, cat
1882, horse
1883, automobile
1884, bird
1885, airplane
1886, ship
1887, frog
1888, cat
1889, truck
1890, cat
1891, cat
1892, cat
1893, deer
1894, automobile
1895, bird
1896, cat
1897, horse
1898, automobile
1899, bird
1900, deer
1901, airplane
1902, automobile
1903, horse
1904, frog
1905, truck
1906, frog
1907, deer
1908, horse
1909, ship
1910, dog
1911, truck
1912, airplane
1913, cat
1914, horse
1915, airplane
1916, bird
1917, deer
1918, horse
1919, frog
1920, airplane
1921, ship
1922, deer
1923, horse
1924, frog
1925, frog
1926, cat
1927, bird
1928, ship
1929, truck
1930, truck
1931, frog
1932, horse
1933, bird
1934, deer
1935, deer
1936, dog
1937, cat
1938, dog
1939, ship
1940, ship
1941, dog
1942, frog
1943, cat
1944, deer
1945, truck
1946, truck
1947, dog
1948, dog
1949, cat
1950, horse
1951, frog
1952, horse
1953, horse
1954, airplane
1955, cat
1956, ship
1957, deer
1958, bird
1959, frog
1960, deer
1961, automobile
1962, cat
1963, truck
1964, ship
1965, truck
1966, frog
1967, deer
1968, ship
1969, ship
1970, ship
1971, deer
1972, ship
1973, airplane
1974, ship
1975, horse
1976, cat
1977, deer
1978, horse
1979, deer
1980, ship
1981, airplane
1982, deer
1983, truck
1984, bird
1985, ship
1986, deer
1987, dog
1988, automobile
1989, frog
1990, frog
1991, airplane
1992, horse
1993, frog
1994, automobile
1995, frog
1996, cat
1997, bird
1998, frog
1999, bird
2000, bird
2001, dog
2002, ship
2003, truck
2004, bird
2005, deer
2006, bird
2007, deer
2008, deer
2009, truck
2010, ship
2011, automobile
2012, deer
2013, dog
2014, dog
2015, truck
2016, horse
2017, ship
2018, bird
2019, truck
2020, dog
2021, cat
2022, automobile
2023, frog
2024, cat
2025, automobile
2026, ship
2027, bird
2028, automobile
2029, horse
2030, deer
2031, automobile
2032, horse
2033, airplane
2034, frog
2035, cat
2036, truck
2037, automobile
2038, truck
2039, dog
2040, dog
2041, dog
2042, cat
2043, bird
2044, airplane
2045, automobile
2046, frog
2047, ship
2048, deer
2049, cat
2050, cat
2051, automobile
2052, deer
2053, frog
2054, horse
2055, bird
2056, truck
2057, cat
2058, truck
2059, dog
2060, horse
2061, dog
2062, bird
2063, ship
2064, horse
2065, truck
2066, ship
2067, truck
2068, ship
2069, automobile
2070, truck
2071, horse
2072, ship
2073, airplane
2074, airplane
2075, bird
2076, cat
2077, airplane
2078, airplane
2079, automobile
2080, automobile
2081, ship
2082, deer
2083, airplane
2084, cat
2085, truck
2086, ship
2087, airplane
2088, horse
2089, airplane
2090, airplane
2091, bird
2092, bird
2093, airplane
2094, ship
2095, bird
2096, horse
2097, deer
2098, ship
2099, automobile
2100, frog
2101, frog
2102, truck
2103, dog
2104, airplane
2105, cat
2106, horse
2107, deer
2108, automobile
2109, frog
2110, bird
2111, dog
2112, bird
2113, airplane
2114, automobile
2115, truck
2116, horse
2117, dog
2118, dog
2119, deer
2120, horse
2121, deer
2122, bird
2123, ship
2124, horse
2125, bird
2126, horse
2127, horse
2128, horse
2129, horse
2130, bird
2131, ship
2132, dog
2133, bird
2134, deer
2135, truck
2136, deer
2137, airplane
2138, horse
2139, horse
2140, airplane
2141, cat
2142, ship
2143, deer
2144, frog
2145, airplane
2146, frog
2147, cat
2148, frog
2149, frog
2150, dog
2151, deer
2152, ship
2153, frog
2154, airplane
2155, bird
2156, horse
2157, ship
2158, airplane
2159, automobile
2160, ship
2161, deer
2162, bird
2163, ship
2164, bird
2165, bird
2166, cat
2167, bird
2168, cat
2169, airplane
2170, horse
2171, truck
2172, airplane
2173, cat
2174, deer
2175, ship
2176, ship
2177, cat
2178, deer
2179, automobile
2180, truck
2181, horse
2182, truck
2183, deer
2184, cat
2185, dog
2186, truck
2187, bird
2188, bird
2189, dog
2190, truck
2191, deer
2192, cat
2193, cat
2194, deer
2195, deer
2196, dog
2197, cat
2198, bird
2199, bird
2200, dog
2201, cat
2202, bird
2203, deer
2204, cat
2205, airplane
2206, ship
2207, ship
2208, ship
2209, bird
2210, horse
2211, horse
2212, dog
2213, frog
2214, deer
2215, ship
2216, dog
2217, automobile
2218, airplane
2219, dog
2220, airplane
2221, bird
2222, ship
2223, frog
2224, dog
2225, deer
2226, dog
2227, bird
2228, bird
2229, cat
2230, truck
2231, horse
2232, dog
2233, bird
2234, horse
2235, airplane
2236, cat
2237, ship
2238, bird
2239, ship
2240, airplane
2241, dog
2242, bird
2243, ship
2244, frog
2245, dog
2246, cat
2247, bird
2248, cat
2249, airplane
2250, bird
2251, horse
2252, automobile
2253, truck
2254, truck
2255, frog
2256, automobile
2257, cat
2258, automobile
2259, frog
2260, ship
2261, bird
2262, automobile
2263, automobile
2264, cat
2265, bird
2266, ship
2267, automobile
2268, deer
2269, truck
2270, cat
2271, truck
2272, cat
2273, frog
2274, airplane
2275, automobile
2276, truck
2277, automobile
2278, dog
2279, cat
2280, ship
2281, ship
2282, horse
2283, airplane
2284, cat
2285, dog
2286, bird
2287, ship
2288, bird
2289, ship
2290, cat
2291, automobile
2292, ship
2293, deer
2294, frog
2295, horse
2296, truck
2297, ship
2298, ship
2299, dog
2300, horse
2301, cat
2302, airplane
2303, automobile
2304, frog
2305, ship
2306, cat
2307, automobile
2308, cat
2309, bird
2310, ship
2311, dog
2312, airplane
2313, bird
2314, cat
2315, bird
2316, automobile
2317, frog
2318, ship
2319, ship
2320, truck
2321, automobile
2322, dog
2323, frog
2324, ship
2325, horse
2326, bird
2327, bird
2328, truck
2329, bird
2330, bird
2331, bird
2332, airplane
2333, dog
2334, dog
2335, bird
2336, frog
2337, bird
2338, ship
2339, horse
2340, truck
2341, ship
2342, airplane
2343, ship
2344, airplane
2345, frog
2346, airplane
2347, horse
2348, bird
2349, ship
2350, cat
2351, horse
2352, airplane
2353, ship
2354, horse
2355, truck
2356, truck
2357, cat
2358, dog
2359, frog
2360, cat
2361, ship
2362, horse
2363, ship
2364, airplane
2365, truck
2366, deer
2367, automobile
2368, deer
2369, airplane
2370, ship
2371, dog
2372, dog
2373, ship
2374, automobile
2375, ship
2376, automobile
2377, frog
2378, ship
2379, automobile
2380, deer
2381, frog
2382, truck
2383, automobile
2384, deer
2385, bird
2386, ship
2387, frog
2388, ship
2389, airplane
2390, frog
2391, deer
2392, dog
2393, airplane
2394, deer
2395, truck
2396, automobile
2397, automobile
2398, horse
2399, frog
2400, frog
2401, deer
2402, dog
2403, airplane
2404, bird
2405, deer
2406, ship
2407, automobile
2408, automobile
2409, truck
2410, deer
2411, truck
2412, airplane
2413, automobile
2414, cat
2415, dog
2416, frog
2417, automobile
2418, automobile
2419, horse
2420, airplane
2421, truck
2422, bird
2423, automobile
2424, cat
2425, deer
2426, horse
2427, horse
2428, airplane
2429, automobile
2430, bird
2431, deer
2432, frog
2433, dog
2434, automobile
2435, frog
2436, horse
2437, horse
2438, dog
2439, airplane
2440, horse
2441, bird
2442, truck
2443, ship
2444, dog
2445, ship
2446, bird
2447, airplane
2448, cat
2449, frog
2450, deer
2451, cat
2452, frog
2453, cat
2454, airplane
2455, bird
2456, frog
2457, airplane
2458, horse
2459, dog
2460, cat
2461, frog
2462, airplane
2463, frog
2464, dog
2465, horse
2466, bird
2467, airplane
2468, deer
2469, frog
2470, dog
2471, horse
2472, cat
2473, ship
2474, airplane
2475, airplane
2476, cat
2477, frog
2478, airplane
2479, frog
2480, bird
2481, deer
2482, dog
2483, frog
2484, automobile
2485, ship
2486, ship
2487, bird
2488, horse
2489, ship
2490, frog
2491, airplane
2492, horse
2493, horse
2494, frog
2495, automobile
2496, automobile
2497, airplane
2498, dog
2499, bird
2500, frog
2501, dog
2502, ship
2503, frog
2504, automobile
2505, bird
2506, airplane
2507, truck
2508, cat
2509, deer
2510, truck
2511, dog
2512, truck
2513, deer
2514, ship
2515, truck
2516, airplane
2517, ship
2518, horse
2519, horse
2520, deer
2521, ship
2522, cat
2523, horse
2524, bird
2525, dog
2526, automobile
2527, cat
2528, truck
2529, cat
2530, deer
2531, ship
2532, frog
2533, cat
2534, dog
2535, ship
2536, truck
2537, cat
2538, airplane
2539, airplane
2540, frog
2541, airplane
2542, truck
2543, truck
2544, bird
2545, horse
2546, horse
2547, automobile
2548, dog
2549, dog
2550, truck
2551, truck
2552, truck
2553, airplane
2554, airplane
2555, bird
2556, dog
2557, cat
2558, deer
2559, automobile
2560, automobile
2561, cat
2562, horse
2563, dog
2564, frog
2565, bird
2566, cat
2567, automobile
2568, horse
2569, ship
2570, frog
2571, horse
2572, ship
2573, bird
2574, bird
2575, airplane
2576, ship
2577, frog
2578, ship
2579, deer
2580, horse
2581, cat
2582, automobile
2583, deer
2584, cat
2585, truck
2586, ship
2587, automobile
2588, cat
2589, horse
2590, dog
2591, ship
2592, automobile
2593, deer
2594, horse
2595, frog
2596, airplane
2597, horse
2598, deer
2599, ship
2600, truck
2601, airplane
2602, deer
2603, automobile
2604, cat
2605, bird
2606, automobile
2607, truck
2608, automobile
2609, truck
2610, bird
2611, airplane
2612, deer
2613, dog
2614, frog
2615, dog
2616, horse
2617, cat
2618, ship
2619, airplane
2620, bird
2621, bird
2622, airplane
2623, cat
2624, airplane
2625, truck
2626, truck
2627, dog
2628, ship
2629, truck
2630, frog
2631, truck
2632, cat
2633, truck
2634, airplane
2635, deer
2636, dog
2637, horse
2638, dog
2639, frog
2640, bird
2641, horse
2642, automobile
2643, deer
2644, deer
2645, deer
2646, deer
2647, bird
2648, frog
2649, cat
2650, dog
2651, frog
2652, deer
2653, truck
2654, truck
2655, automobile
2656, airplane
2657, frog
2658, dog
2659, horse
2660, horse
2661, truck
2662, cat
2663, deer
2664, bird
2665, automobile
2666, airplane
2667, airplane
2668, automobile
2669, ship
2670, automobile
2671, automobile
2672, cat
2673, cat
2674, cat
2675, bird
2676, cat
2677, dog
2678, horse
2679, ship
2680, dog
2681, bird
2682, horse
2683, airplane
2684, frog
2685, ship
2686, bird
2687, frog
2688, automobile
2689, airplane
2690, frog
2691, cat
2692, automobile
2693, cat
2694, dog
2695, frog
2696, horse
2697, bird
2698, dog
2699, bird
2700, frog
2701, horse
2702, truck
2703, truck
2704, automobile
2705, dog
2706, truck
2707, cat
2708, dog
2709, horse
2710, deer
2711, horse
2712, deer
2713, frog
2714, ship
2715, truck
2716, ship
2717, dog
2718, deer
2719, horse
2720, dog
2721, dog
2722, bird
2723, horse
2724, horse
2725, automobile
2726, truck
2727, ship
2728, horse
2729, cat
2730, frog
2731, dog
2732, frog
2733, ship
2734, airplane
2735, deer
2736, ship
2737, cat
2738, truck
2739, deer
2740, frog
2741, dog
2742, deer
2743, dog
2744, frog
2745, ship
2746, truck
2747, truck
2748, deer
2749, ship
2750, cat
2751, deer
2752, bird
2753, horse
2754, automobile
2755, airplane
2756, ship
2757, truck
2758, automobile
2759, ship
2760, truck
2761, bird
2762, deer
2763, horse
2764, bird
2765, horse
2766, airplane
2767, ship
2768, dog
2769, dog
2770, truck
2771, bird
2772, horse
2773, horse
2774, dog
2775, airplane
2776, deer
2777, truck
2778, dog
2779, horse
2780, truck
2781, cat
2782, horse
2783, frog
2784, automobile
2785, ship
2786, horse
2787, horse
2788, bird
2789, automobile
2790, ship
2791, ship
2792, bird
2793, cat
2794, frog
2795, airplane
2796, cat
2797, airplane
2798, truck
2799, bird
2800, ship
2801, bird
2802, deer
2803, ship
2804, horse
2805, cat
2806, truck
2807, airplane
2808, truck
2809, deer
2810, automobile
2811, automobile
2812, truck
2813, ship
2814, bird
2815, truck
2816, automobile
2817, ship
2818, ship
2819, airplane
2820, airplane
2821, ship
2822, dog
2823, automobile
2824, deer
2825, deer
2826, frog
2827, airplane
2828, bird
2829, frog
2830, horse
2831, frog
2832, dog
2833, airplane
2834, airplane
2835, truck
2836, ship
2837, horse
2838, truck
2839, frog
2840, deer
2841, truck
2842, airplane
2843, horse
2844, dog
2845, airplane
2846, deer
2847, ship
2848, horse
2849, deer
2850, truck
2851, dog
2852, deer
2853, frog
2854, airplane
2855, deer
2856, automobile
2857, frog
2858, ship
2859, cat
2860, cat
2861, cat
2862, bird
2863, bird
2864, dog
2865, airplane
2866, horse
2867, automobile
2868, ship
2869, horse
2870, cat
2871, cat
2872, bird
2873, airplane
2874, cat
2875, frog
2876, deer
2877, airplane
2878, horse
2879, cat
2880, airplane
2881, bird
2882, horse
2883, bird
2884, automobile
2885, automobile
2886, frog
2887, truck
2888, cat
2889, automobile
2890, horse
2891, horse
2892, frog
2893, dog
2894, deer
2895, frog
2896, cat
2897, truck
2898, horse
2899, frog
2900, truck
2901, airplane
2902, horse
2903, truck
2904, dog
2905, frog
2906, frog
2907, frog
2908, truck
2909, cat
2910, airplane
2911, deer
2912, bird
2913, ship
2914, frog
2915, ship
2916, deer
2917, truck
2918, bird
2919, cat
2920, airplane
2921, truck
2922, cat
2923, ship
2924, bird
2925, airplane
2926, deer
2927, bird
2928, dog
2929, horse
2930, horse
2931, airplane
2932, airplane
2933, ship
2934, ship
2935, frog
2936, frog
2937, dog
2938, automobile
2939, airplane
2940, truck
2941, frog
2942, bird
2943, cat
2944, ship
2945, deer
2946, truck
2947, horse
2948, dog
2949, frog
2950, bird
2951, horse
2952, bird
2953, deer
2954, deer
2955, automobile
2956, frog
2957, truck
2958, bird
2959, horse
2960, automobile
2961, cat
2962, ship
2963, ship
2964, dog
2965, frog
2966, ship
2967, dog
2968, bird
2969, horse
2970, truck
2971, airplane
2972, bird
2973, ship
2974, frog
2975, dog
2976, ship
2977, cat
2978, deer
2979, dog
2980, airplane
2981, dog
2982, deer
2983, airplane
2984, truck
2985, ship
2986, bird
2987, airplane
2988, deer
2989, automobile
2990, deer
2991, ship
2992, ship
2993, frog
2994, airplane
2995, automobile
2996, frog
2997, airplane
2998, dog
2999, airplane
3000, horse
3001, bird
3002, bird
3003, airplane
3004, cat
3005, ship
3006, deer
3007, automobile
3008, bird
3009, ship
3010, automobile
3011, frog
3012, truck
3013, frog
3014, frog
3015, bird
3016, dog
3017, deer
3018, airplane
3019, dog
3020, truck
3021, dog
3022, truck
3023, deer
3024, bird
3025, deer
3026, frog
3027, deer
3028, airplane
3029, deer
3030, truck
3031, horse
3032, airplane
3033, truck
3034, deer
3035, bird
3036, cat
3037, automobile
3038, bird
3039, frog
3040, airplane
3041, automobile
3042, dog
3043, horse
3044, truck
3045, deer
3046, ship
3047, horse
3048, horse
3049, truck
3050, ship
3051, bird
3052, frog
3053, deer
3054, bird
3055, ship
3056, bird
3057, cat
3058, airplane
3059, horse
3060, automobile
3061, automobile
3062, deer
3063, ship
3064, truck
3065, ship
3066, frog
3067, horse
3068, ship
3069, ship
3070, airplane
3071, deer
3072, cat
3073, ship
3074, frog
3075, ship
3076, dog
3077, frog
3078, cat
3079, bird
3080, dog
3081, airplane
3082, truck
3083, airplane
3084, automobile
3085, dog
3086, dog
3087, airplane
3088, automobile
3089, dog
3090, horse
3091, dog
3092, cat
3093, frog
3094, ship
3095, horse
3096, frog
3097, deer
3098, horse
3099, bird
3100, bird
3101, bird
3102, frog
3103, truck
3104, airplane
3105, frog
3106, bird
3107, airplane
3108, truck
3109, automobile
3110, horse
3111, truck
3112, cat
3113, bird
3114, airplane
3115, cat
3116, automobile
3117, automobile
3118, airplane
3119, airplane
3120, deer
3121, ship
3122, ship
3123, truck
3124, airplane
3125, cat
3126, deer
3127, automobile
3128, ship
3129, airplane
3130, cat
3131, dog
3132, dog
3133, frog
3134, dog
3135, cat
3136, horse
3137, deer
3138, dog
3139, automobile
3140, ship
3141, horse
3142, frog
3143, deer
3144, frog
3145, frog
3146, bird
3147, deer
3148, cat
3149, ship
3150, bird
3151, airplane
3152, ship
3153, ship
3154, dog
3155, bird
3156, horse
3157, deer
3158, dog
3159, truck
3160, deer
3161, frog
3162, horse
3163, ship
3164, deer
3165, bird
3166, automobile
3167, automobile
3168, airplane
3169, ship
3170, cat
3171, frog
3172, bird
3173, deer
3174, cat
3175, deer
3176, dog
3177, bird
3178, ship
3179, truck
3180, ship
3181, bird
3182, deer
3183, bird
3184, cat
3185, truck
3186, dog
3187, automobile
3188, automobile
3189, cat
3190, airplane
3191, cat
3192, truck
3193, frog
3194, ship
3195, ship
3196, deer
3197, deer
3198, automobile
3199, cat
3200, truck
3201, deer
3202, horse
3203, dog
3204, deer
3205, deer
3206, airplane
3207, dog
3208, bird
3209, airplane
3210, ship
3211, frog
3212, frog
3213, ship
3214, airplane
3215, ship
3216, airplane
3217, deer
3218, truck
3219, cat
3220, dog
3221, frog
3222, dog
3223, dog
3224, automobile
3225, bird
3226, cat
3227, dog
3228, ship
3229, airplane
3230, cat
3231, bird
3232, automobile
3233, airplane
3234, horse
3235, ship
3236, ship
3237, airplane
3238, dog
3239, deer
3240, ship
3241, ship
3242, truck
3243, ship
3244, truck
3245, bird
3246, dog
3247, frog
3248, bird
3249, automobile
3250, cat
3251, truck
3252, ship
3253, truck
3254, horse
3255, airplane
3256, ship
3257, deer
3258, deer
3259, dog
3260, frog
3261, ship
3262, automobile
3263, deer
3264, truck
3265, deer
3266, cat
3267, truck
3268, bird
3269, horse
3270, automobile
3271, airplane
3272, bird
3273, frog
3274, automobile
3275, truck
3276, horse
3277, airplane
3278, frog
3279, cat
3280, frog
3281, cat
3282, dog
3283, airplane
3284, cat
3285, cat
3286, airplane
3287, frog
3288, horse
3289, automobile
3290, airplane
3291, dog
3292, cat
3293, deer
3294, truck
3295, bird
3296, automobile
3297, horse
3298, cat
3299, automobile
3300, dog
3301, ship
3302, bird
3303, frog
3304, deer
3305, cat
3306, ship
3307, bird
3308, ship
3309, horse
3310, cat
3311, deer
3312, airplane
3313, automobile
3314, cat
3315, airplane
3316, horse
3317, airplane
3318, deer
3319, cat
3320, truck
3321, automobile
3322, frog
3323, airplane
3324, dog
3325, frog
3326, cat
3327, ship
3328, ship
3329, truck
3330, cat
3331, cat
3332, frog
3333, bird
3334, bird
3335, horse
3336, airplane
3337, horse
3338, ship
3339, frog
3340, dog
3341, truck
3342, frog
3343, truck
3344, airplane
3345, airplane
3346, bird
3347, automobile
3348, airplane
3349, bird
3350, frog
3351, deer
3352, deer
3353, bird
3354, frog
3355, cat
3356, truck
3357, frog
3358, truck
3359, truck
3360, truck
3361, truck
3362, horse
3363, airplane
3364, truck
3365, automobile
3366, dog
3367, deer
3368, deer
3369, horse
3370, bird
3371, automobile
3372, bird
3373, ship
3374, truck
3375, dog
3376, airplane
3377, bird
3378, frog
3379, deer
3380, dog
3381, ship
3382, bird
3383, ship
3384, truck
3385, truck
3386, deer
3387, airplane
3388, ship
3389, cat
3390, ship
3391, dog
3392, cat
3393, deer
3394, cat
3395, truck
3396, truck
3397, cat
3398, automobile
3399, frog
3400, cat
3401, deer
3402, automobile
3403, deer
3404, horse
3405, frog
3406, truck
3407, horse
3408, bird
3409, dog
3410, ship
3411, frog
3412, automobile
3413, airplane
3414, frog
3415, horse
3416, frog
3417, cat
3418, frog
3419, deer
3420, frog
3421, deer
3422, ship
3423, airplane
3424, truck
3425, dog
3426, ship
3427, automobile
3428, bird
3429, cat
3430, truck
3431, airplane
3432, horse
3433, horse
3434, bird
3435, truck
3436, frog
3437, ship
3438, dog
3439, ship
3440, frog
3441, ship
3442, horse
3443, bird
3444, ship
3445, dog
3446, ship
3447, cat
3448, ship
3449, dog
3450, automobile
3451, dog
3452, bird
3453, ship
3454, bird
3455, cat
3456, ship
3457, truck
3458, horse
3459, ship
3460, ship
3461, deer
3462, cat
3463, airplane
3464, cat
3465, airplane
3466, cat
3467, dog
3468, ship
3469, dog
3470, automobile
3471, frog
3472, truck
3473, truck
3474, bird
3475, cat
3476, automobile
3477, cat
3478, horse
3479, truck
3480, truck
3481, automobile
3482, ship
3483, cat
3484, ship
3485, automobile
3486, cat
3487, frog
3488, automobile
3489, frog
3490, automobile
3491, horse
3492, horse
3493, truck
3494, horse
3495, horse
3496, frog
3497, cat
3498, dog
3499, automobile
3500, horse
3501, ship
3502, airplane
3503, horse
3504, automobile
3505, bird
3506, deer
3507, bird
3508, truck
3509, ship
3510, ship
3511, deer
3512, dog
3513, deer
3514, truck
3515, automobile
3516, deer
3517, bird
3518, dog
3519, ship
3520, deer
3521, dog
3522, dog
3523, horse
3524, deer
3525, dog
3526, deer
3527, cat
3528, ship
3529, bird
3530, horse
3531, bird
3532, horse
3533, horse
3534, bird
3535, horse
3536, airplane
3537, ship
3538, dog
3539, truck
3540, deer
3541, ship
3542, deer
3543, cat
3544, ship
3545, truck
3546, truck
3547, dog
3548, horse
3549, cat
3550, dog
3551, horse
3552, ship
3553, truck
3554, cat
3555, frog
3556, bird
3557, frog
3558, truck
3559, airplane
3560, dog
3561, airplane
3562, deer
3563, automobile
3564, airplane
3565, deer
3566, automobile
3567, ship
3568, automobile
3569, automobile
3570, automobile
3571, ship
3572, airplane
3573, frog
3574, dog
3575, dog
3576, bird
3577, ship
3578, truck
3579, bird
3580, cat
3581, bird
3582, dog
3583, frog
3584, horse
3585, automobile
3586, airplane
3587, deer
3588, cat
3589, bird
3590, horse
3591, frog
3592, ship
3593, truck
3594, deer
3595, horse
3596, bird
3597, frog
3598, horse
3599, truck
3600, horse
3601, bird
3602, truck
3603, automobile
3604, ship
3605, deer
3606, automobile
3607, cat
3608, airplane
3609, airplane
3610, airplane
3611, bird
3612, cat
3613, deer
3614, airplane
3615, ship
3616, airplane
3617, horse
3618, airplane
3619, horse
3620, deer
3621, truck
3622, bird
3623, truck
3624, ship
3625, automobile
3626, bird
3627, deer
3628, dog
3629, cat
3630, cat
3631, automobile
3632, truck
3633, automobile
3634, ship
3635, cat
3636, ship
3637, bird
3638, ship
3639, frog
3640, dog
3641, bird
3642, bird
3643, dog
3644, frog
3645, dog
3646, ship
3647, bird
3648, frog
3649, deer
3650, automobile
3651, airplane
3652, truck
3653, bird
3654, frog
3655, horse
3656, truck
3657, cat
3658, airplane
3659, ship
3660, dog
3661, cat
3662, bird
3663, ship
3664, horse
3665, airplane
3666, airplane
3667, cat
3668, dog
3669, deer
3670, horse
3671, deer
3672, automobile
3673, automobile
3674, ship
3675, automobile
3676, bird
3677, deer
3678, frog
3679, frog
3680, dog
3681, dog
3682, dog
3683, dog
3684, bird
3685, truck
3686, cat
3687, frog
3688, automobile
3689, deer
3690, deer
3691, ship
3692, horse
3693, dog
3694, cat
3695, deer
3696, cat
3697, ship
3698, horse
3699, dog
3700, ship
3701, ship
3702, deer
3703, bird
3704, automobile
3705, dog
3706, airplane
3707, airplane
3708, truck
3709, ship
3710, ship
3711, bird
3712, truck
3713, bird
3714, cat
3715, ship
3716, airplane
3717, frog
3718, bird
3719, automobile
3720, ship
3721, horse
3722, frog
3723, deer
3724, horse
3725, frog
3726, ship
3727, airplane
3728, ship
3729, bird
3730, cat
3731, deer
3732, horse
3733, bird
3734, cat
3735, ship
3736, airplane
3737, dog
3738, dog
3739, horse
3740, deer
3741, ship
3742, cat
3743, airplane
3744, frog
3745, cat
3746, deer
3747, deer
3748, cat
3749, frog
3750, dog
3751, bird
3752, dog
3753, ship
3754, dog
3755, ship
3756, cat
3757, ship
3758, ship
3759, truck
3760, truck
3761, horse
3762, deer
3763, bird
3764, cat
3765, horse
3766, bird
3767, cat
3768, ship
3769, bird
3770, truck
3771, truck
3772, ship
3773, horse
3774, airplane
3775, cat
3776, airplane
3777, horse
3778, cat
3779, truck
3780, frog
3781, deer
3782, truck
3783, automobile
3784, bird
3785, airplane
3786, horse
3787, truck
3788, deer
3789, horse
3790, frog
3791, automobile
3792, airplane
3793, truck
3794, frog
3795, horse
3796, truck
3797, bird
3798, dog
3799, horse
3800, deer
3801, bird
3802, ship
3803, bird
3804, truck
3805, airplane
3806, deer
3807, bird
3808, truck
3809, deer
3810, deer
3811, frog
3812, cat
3813, truck
3814, frog
3815, truck
3816, horse
3817, bird
3818, deer
3819, frog
3820, automobile
3821, horse
3822, airplane
3823, frog
3824, frog
3825, deer
3826, automobile
3827, horse
3828, truck
3829, bird
3830, ship
3831, horse
3832, ship
3833, frog
3834, cat
3835, horse
3836, truck
3837, horse
3838, automobile
3839, dog
3840, airplane
3841, ship
3842, deer
3843, horse
3844, truck
3845, truck
3846, frog
3847, ship
3848, truck
3849, ship
3850, automobile
3851, automobile
3852, airplane
3853, horse
3854, ship
3855, airplane
3856, automobile
3857, airplane
3858, truck
3859, bird
3860, dog
3861, automobile
3862, ship
3863, bird
3864, truck
3865, cat
3866, bird
3867, truck
3868, truck
3869, ship
3870, deer
3871, automobile
3872, cat
3873, bird
3874, bird
3875, cat
3876, ship
3877, truck
3878, ship
3879, automobile
3880, cat
3881, deer
3882, cat
3883, deer
3884, deer
3885, truck
3886, truck
3887, horse
3888, frog
3889, truck
3890, dog
3891, deer
3892, deer
3893, dog
3894, frog
3895, airplane
3896, bird
3897, horse
3898, truck
3899, cat
3900, cat
3901, bird
3902, frog
3903, deer
3904, bird
3905, airplane
3906, dog
3907, airplane
3908, ship
3909, bird
3910, bird
3911, automobile
3912, frog
3913, frog
3914, automobile
3915, bird
3916, automobile
3917, ship
3918, automobile
3919, dog
3920, ship
3921, automobile
3922, horse
3923, horse
3924, airplane
3925, ship
3926, dog
3927, ship
3928, frog
3929, truck
3930, dog
3931, frog
3932, dog
3933, automobile
3934, airplane
3935, bird
3936, automobile
3937, cat
3938, truck
3939, ship
3940, ship
3941, dog
3942, automobile
3943, dog
3944, cat
3945, horse
3946, ship
3947, deer
3948, frog
3949, frog
3950, automobile
3951, ship
3952, cat
3953, automobile
3954, deer
3955, dog
3956, truck
3957, dog
3958, airplane
3959, frog
3960, cat
3961, truck
3962, airplane
3963, bird
3964, cat
3965, truck
3966, dog
3967, cat
3968, horse
3969, truck
3970, cat
3971, horse
3972, bird
3973, cat
3974, cat
3975, truck
3976, horse
3977, bird
3978, frog
3979, dog
3980, cat
3981, truck
3982, horse
3983, airplane
3984, frog
3985, automobile
3986, ship
3987, dog
3988, deer
3989, horse
3990, cat
3991, ship
3992, airplane
3993, dog
3994, automobile
3995, deer
3996, horse
3997, cat
3998, cat
3999, airplane
4000, horse
4001, frog
4002, frog
4003, horse
4004, dog
4005, cat
4006, cat
4007, bird
4008, truck
4009, bird
4010, cat
4011, automobile
4012, dog
4013, bird
4014, cat
4015, bird
4016, ship
4017, deer
4018, automobile
4019, automobile
4020, frog
4021, dog
4022, ship
4023, frog
4024, ship
4025, ship
4026, truck
4027, dog
4028, cat
4029, horse
4030, airplane
4031, dog
4032, airplane
4033, bird
4034, horse
4035, automobile
4036, truck
4037, deer
4038, dog
4039, dog
4040, cat
4041, horse
4042, cat
4043, ship
4044, truck
4045, cat
4046, deer
4047, frog
4048, cat
4049, truck
4050, dog
4051, frog
4052, frog
4053, frog
4054, airplane
4055, horse
4056, ship
4057, cat
4058, automobile
4059, automobile
4060, truck
4061, ship
4062, ship
4063, bird
4064, horse
4065, cat
4066, deer
4067, deer
4068, frog
4069, automobile
4070, bird
4071, airplane
4072, automobile
4073, deer
4074, dog
4075, truck
4076, airplane
4077, truck
4078, deer
4079, bird
4080, airplane
4081, cat
4082, deer
4083, frog
4084, bird
4085, truck
4086, airplane
4087, frog
4088, bird
4089, automobile
4090, truck
4091, horse
4092, deer
4093, deer
4094, cat
4095, automobile
4096, dog
4097, ship
4098, frog
4099, automobile
4100, ship
4101, horse
4102, ship
4103, bird
4104, horse
4105, airplane
4106, truck
4107, deer
4108, frog
4109, ship
4110, dog
4111, airplane
4112, deer
4113, bird
4114, horse
4115, bird
4116, automobile
4117, dog
4118, deer
4119, truck
4120, cat
4121, ship
4122, cat
4123, frog
4124, frog
4125, ship
4126, deer
4127, frog
4128, bird
4129, frog
4130, automobile
4131, horse
4132, dog
4133, automobile
4134, automobile
4135, truck
4136, cat
4137, truck
4138, airplane
4139, cat
4140, ship
4141, cat
4142, cat
4143, deer
4144, deer
4145, frog
4146, ship
4147, horse
4148, ship
4149, cat
4150, frog
4151, ship
4152, bird
4153, truck
4154, bird
4155, dog
4156, automobile
4157, frog
4158, truck
4159, frog
4160, truck
4161, ship
4162, bird
4163, dog
4164, deer
4165, airplane
4166, deer
4167, frog
4168, ship
4169, horse
4170, truck
4171, dog
4172, frog
4173, bird
4174, horse
4175, horse
4176, automobile
4177, ship
4178, cat
4179, frog
4180, bird
4181, deer
4182, dog
4183, dog
4184, deer
4185, deer
4186, deer
4187, frog
4188, dog
4189, bird
4190, dog
4191, bird
4192, cat
4193, automobile
4194, truck
4195, truck
4196, frog
4197, automobile
4198, dog
4199, truck
4200, deer
4201, deer
4202, airplane
4203, horse
4204, deer
4205, horse
4206, automobile
4207, deer
4208, deer
4209, truck
4210, ship
4211, airplane
4212, bird
4213, deer
4214, cat
4215, horse
4216, dog
4217, airplane
4218, dog
4219, airplane
4220, cat
4221, bird
4222, deer
4223, bird
4224, horse
4225, dog
4226, horse
4227, airplane
4228, cat
4229, deer
4230, automobile
4231, horse
4232, automobile
4233, automobile
4234, horse
4235, ship
4236, frog
4237, airplane
4238, horse
4239, horse
4240, horse
4241, horse
4242, horse
4243, ship
4244, truck
4245, dog
4246, airplane
4247, truck
4248, deer
4249, truck
4250, deer
4251, deer
4252, deer
4253, automobile
4254, airplane
4255, airplane
4256, horse
4257, horse
4258, ship
4259, automobile
4260, bird
4261, truck
4262, horse
4263, ship
4264, cat
4265, deer
4266, truck
4267, horse
4268, bird
4269, deer
4270, truck
4271, dog
4272, ship
4273, cat
4274, airplane
4275, bird
4276, frog
4277, truck
4278, automobile
4279, bird
4280, frog
4281, dog
4282, ship
4283, airplane
4284, ship
4285, automobile
4286, automobile
4287, cat
4288, frog
4289, bird
4290, frog
4291, frog
4292, frog
4293, frog
4294, deer
4295, airplane
4296, truck
4297, deer
4298, automobile
4299, truck
4300, horse
4301, bird
4302, horse
4303, deer
4304, cat
4305, deer
4306, airplane
4307, truck
4308, deer
4309, deer
4310, ship
4311, frog
4312, airplane
4313, bird
4314, automobile
4315, dog
4316, dog
4317, horse
4318, bird
4319, ship
4320, dog
4321, dog
4322, dog
4323, cat
4324, deer
4325, bird
4326, horse
4327, truck
4328, airplane
4329, airplane
4330, deer
4331, deer
4332, dog
4333, automobile
4334, airplane
4335, bird
4336, bird
4337, horse
4338, ship
4339, horse
4340, dog
4341, frog
4342, deer
4343, truck
4344, deer
4345, truck
4346, ship
4347, truck
4348, deer
4349, automobile
4350, ship
4351, cat
4352, truck
4353, ship
4354, automobile
4355, automobile
4356, ship
4357, frog
4358, truck
4359, automobile
4360, deer
4361, horse
4362, horse
4363, cat
4364, cat
4365, horse
4366, dog
4367, dog
4368, frog
4369, bird
4370, ship
4371, ship
4372, truck
4373, frog
4374, frog
4375, horse
4376, bird
4377, ship
4378, airplane
4379, deer
4380, cat
4381, cat
4382, dog
4383, horse
4384, cat
4385, truck
4386, ship
4387, dog
4388, dog
4389, frog
4390, airplane
4391, cat
4392, automobile
4393, deer
4394, frog
4395, truck
4396, bird
4397, ship
4398, cat
4399, bird
4400, ship
4401, automobile
4402, deer
4403, deer
4404, frog
4405, airplane
4406, ship
4407, ship
4408, automobile
4409, deer
4410, deer
4411, cat
4412, deer
4413, ship
4414, frog
4415, truck
4416, horse
4417, cat
4418, horse
4419, horse
4420, airplane
4421, dog
4422, dog
4423, airplane
4424, dog
4425, airplane
4426, airplane
4427, airplane
4428, automobile
4429, cat
4430, automobile
4431, frog
4432, bird
4433, bird
4434, cat
4435, truck
4436, automobile
4437, deer
4438, dog
4439, automobile
4440, dog
4441, dog
4442, automobile
4443, cat
4444, airplane
4445, cat
4446, cat
4447, cat
4448, ship
4449, truck
4450, automobile
4451, bird
4452, dog
4453, automobile
4454, frog
4455, bird
4456, horse
4457, horse
4458, cat
4459, dog
4460, cat
4461, truck
4462, truck
4463, bird
4464, airplane
4465, ship
4466, ship
4467, cat
4468, bird
4469, deer
4470, airplane
4471, horse
4472, deer
4473, dog
4474, bird
4475, truck
4476, airplane
4477, bird
4478, horse
4479, ship
4480, automobile
4481, truck
4482, deer
4483, deer
4484, deer
4485, truck
4486, cat
4487, bird
4488, frog
4489, horse
4490, ship
4491, horse
4492, bird
4493, airplane
4494, airplane
4495, truck
4496, ship
4497, truck
4498, ship
4499, airplane
4500, automobile
4501, truck
4502, horse
4503, horse
4504, ship
4505, cat
4506, truck
4507, cat
4508, deer
4509, truck
4510, ship
4511, airplane
4512, cat
4513, deer
4514, ship
4515, deer
4516, ship
4517, ship
4518, cat
4519, ship
4520, bird
4521, horse
4522, automobile
4523, dog
4524, automobile
4525, cat
4526, frog
4527, automobile
4528, truck
4529, deer
4530, automobile
4531, truck
4532, bird
4533, automobile
4534, bird
4535, cat
4536, airplane
4537, frog
4538, automobile
4539, frog
4540, bird
4541, bird
4542, ship
4543, dog
4544, deer
4545, horse
4546, deer
4547, frog
4548, automobile
4549, automobile
4550, ship
4551, deer
4552, airplane
4553, cat
4554, deer
4555, cat
4556, dog
4557, truck
4558, dog
4559, frog
4560, horse
4561, deer
4562, truck
4563, bird
4564, frog
4565, bird
4566, dog
4567, airplane
4568, frog
4569, cat
4570, horse
4571, dog
4572, ship
4573, deer
4574, frog
4575, frog
4576, bird
4577, frog
4578, frog
4579, cat
4580, ship
4581, deer
4582, automobile
4583, dog
4584, frog
4585, dog
4586, airplane
4587, dog
4588, ship
4589, truck
4590, frog
4591, horse
4592, ship
4593, frog
4594, airplane
4595, bird
4596, ship
4597, ship
4598, truck
4599, airplane
4600, frog
4601, ship
4602, cat
4603, frog
4604, truck
4605, bird
4606, bird
4607, frog
4608, horse
4609, ship
4610, automobile
4611, truck
4612, frog
4613, automobile
4614, deer
4615, ship
4616, cat
4617, deer
4618, truck
4619, airplane
4620, horse
4621, automobile
4622, horse
4623, frog
4624, cat
4625, ship
4626, automobile
4627, automobile
4628, dog
4629, dog
4630, cat
4631, horse
4632, deer
4633, truck
4634, horse
4635, automobile
4636, deer
4637, frog
4638, airplane
4639, deer
4640, ship
4641, truck
4642, horse
4643, cat
4644, horse
4645, dog
4646, ship
4647, bird
4648, cat
4649, automobile
4650, frog
4651, dog
4652, ship
4653, truck
4654, cat
4655, automobile
4656, ship
4657, dog
4658, automobile
4659, bird
4660, airplane
4661, automobile
4662, truck
4663, bird
4664, ship
4665, truck
4666, cat
4667, ship
4668, automobile
4669, frog
4670, truck
4671, horse
4672, frog
4673, dog
4674, cat
4675, dog
4676, bird
4677, deer
4678, horse
4679, deer
4680, deer
4681, ship
4682, ship
4683, dog
4684, frog
4685, airplane
4686, automobile
4687, dog
4688, truck
4689, ship
4690, dog
4691, bird
4692, truck
4693, automobile
4694, deer
4695, ship
4696, airplane
4697, cat
4698, bird
4699, bird
4700, horse
4701, automobile
4702, bird
4703, truck
4704, cat
4705, deer
4706, bird
4707, cat
4708, deer
4709, airplane
4710, horse
4711, horse
4712, airplane
4713, frog
4714, truck
4715, ship
4716, deer
4717, dog
4718, bird
4719, frog
4720, frog
4721, deer
4722, cat
4723, automobile
4724, airplane
4725, frog
4726, ship
4727, automobile
4728, horse
4729, ship
4730, deer
4731, dog
4732, ship
4733, automobile
4734, ship
4735, automobile
4736, truck
4737, frog
4738, bird
4739, deer
4740, horse
4741, horse
4742, cat
4743, dog
4744, dog
4745, automobile
4746, truck
4747, ship
4748, deer
4749, truck
4750, automobile
4751, horse
4752, horse
4753, cat
4754, airplane
4755, dog
4756, ship
4757, cat
4758, horse
4759, ship
4760, automobile
4761, truck
4762, airplane
4763, automobile
4764, dog
4765, bird
4766, bird
4767, ship
4768, horse
4769, airplane
4770, airplane
4771, bird
4772, automobile
4773, cat
4774, horse
4775, cat
4776, automobile
4777, bird
4778, truck
4779, cat
4780, dog
4781, cat
4782, cat
4783, bird
4784, truck
4785, deer
4786, bird
4787, bird
4788, ship
4789, truck
4790, horse
4791, horse
4792, airplane
4793, ship
4794, horse
4795, ship
4796, truck
4797, frog
4798, airplane
4799, airplane
4800, airplane
4801, dog
4802, deer
4803, dog
4804, automobile
4805, bird
4806, cat
4807, frog
4808, airplane
4809, automobile
4810, truck
4811, automobile
4812, cat
4813, cat
4814, truck
4815, ship
4816, horse
4817, truck
4818, cat
4819, automobile
4820, airplane
4821, frog
4822, airplane
4823, dog
4824, airplane
4825, horse
4826, deer
4827, deer
4828, automobile
4829, truck
4830, horse
4831, truck
4832, deer
4833, cat
4834, truck
4835, deer
4836, horse
4837, truck
4838, truck
4839, horse
4840, horse
4841, bird
4842, deer
4843, cat
4844, frog
4845, frog
4846, deer
4847, frog
4848, frog
4849, horse
4850, ship
4851, automobile
4852, automobile
4853, airplane
4854, airplane
4855, automobile
4856, cat
4857, dog
4858, cat
4859, cat
4860, frog
4861, dog
4862, bird
4863, bird
4864, airplane
4865, automobile
4866, horse
4867, truck
4868, automobile
4869, bird
4870, ship
4871, cat
4872, truck
4873, truck
4874, airplane
4875, automobile
4876, truck
4877, frog
4878, ship
4879, frog
4880, dog
4881, frog
4882, frog
4883, deer
4884, cat
4885, bird
4886, bird
4887, automobile
4888, deer
4889, horse
4890, horse
4891, ship
4892, deer
4893, bird
4894, cat
4895, dog
4896, truck
4897, deer
4898, deer
4899, bird
4900, cat
4901, airplane
4902, horse
4903, airplane
4904, dog
4905, horse
4906, dog
4907, cat
4908, airplane
4909, automobile
4910, truck
4911, bird
4912, deer
4913, ship
4914, deer
4915, cat
4916, cat
4917, truck
4918, horse
4919, automobile
4920, airplane
4921, ship
4922, bird
4923, ship
4924, airplane
4925, dog
4926, truck
4927, truck
4928, truck
4929, deer
4930, truck
4931, cat
4932, cat
4933, airplane
4934, frog
4935, frog
4936, frog
4937, frog
4938, cat
4939, airplane
4940, bird
4941, frog
4942, horse
4943, truck
4944, truck
4945, cat
4946, truck
4947, bird
4948, horse
4949, truck
4950, airplane
4951, deer
4952, automobile
4953, automobile
4954, automobile
4955, deer
4956, ship
4957, horse
4958, deer
4959, dog
4960, deer
4961, bird
4962, ship
4963, automobile
4964, deer
4965, airplane
4966, horse
4967, dog
4968, frog
4969, airplane
4970, bird
4971, horse
4972, frog
4973, dog
4974, airplane
4975, deer
4976, truck
4977, truck
4978, bird
4979, automobile
4980, cat
4981, airplane
4982, ship
4983, ship
4984, airplane
4985, horse
4986, cat
4987, bird
4988, horse
4989, ship
4990, truck
4991, horse
4992, ship
4993, ship
4994, truck
4995, truck
4996, truck
4997, deer
4998, bird
4999, dog
5000, truck
